output,popInit,propInfecte,teG,tiG,trG,infectionRadiusI,sd_expo_t
propInfected,-0.2618833021197146,-0.1897622563028026,-0.04315980808736693,-0.011598849501233882,-0.00437881186446075,0.03825048447295154,0.01934329179896787
propSuseptible,0.20468372783823577,0.009881723166589272,2.553862560075607E-4,-2.3270382282721995E-4,-8.399272891165563E-7,3.672801161307219E-4,2.553862560075607E-4
propExposed,0.4267649924002832,0.24112973531541124,0.18365667076251332,-0.027733105150649716,0.001074967370363857,0.10398479286811102,-0.05734945018321909
propRecovered,-0.2618833021197146,-0.1897622563028026,-0.04315980808736693,-0.011598849501233882,-0.00437881186446075,0.03825048447295154,0.01934329179896787
