output,popInit,propInfecte,infectionRadiusI,beta
propInfected,0.43883438580050144,0.12090409122722787,0.3610998320219833,0.015272918511057146
propSuseptible,0.66735100959569,-0.003525753543748264,0.29662455335426036,-0.00218795411789628
propExposed,0.5615793455405753,-0.01687790517329623,0.22287170727514533,-0.015147867859684878
propRecovered,0.43883438580050144,0.12090409122722787,0.3610998320219833,0.015272918511057146
