output,popInit,propInfecte,teG,tiG,trG,infectionRadiusI,sd_expo_t
propInfected,0.2930686581134256,0.2620056129264654,-0.016305766099836503,-0.03776299438921836,0.1526967238353406,0.15352734354035943,9.843760712178636E-4
propSuseptible,0.4376814178945677,0.446765910650611,-0.010830479963667282,0.01601552105487648,-0.017299616501181992,0.11031650363107148,-0.005034665522331065
propExposed,0.46483930133224616,0.29644591765179673,0.2028479665408354,0.006742391031686877,0.018619143863224878,0.14430276579027862,-0.026499187900624402
propRecovered,0.2930686581134256,0.2620056129264654,-0.016305766099836503,-0.03776299438921836,0.1526967238353406,0.15352734354035943,9.843760712178636E-4
