output,popInit,propInfecte,teG,tiG,trG,infectionRadiusI,sd_expo_t
propInfected,0.3894686828923767,0.39685341470774077,0.0283052384718327,0.040918652846899724,0.18595998061097274,0.1409790121695656,0.018379880344565346
propSuseptible,0.48906157118897486,0.4550367892524337,0.006489599666410156,0.00591804118156341,0.0055983373596155345,0.19368103085906518,0.0031824941729004957
propExposed,0.5124335103332474,0.39374328987799945,0.2671598432004127,0.042851217644293046,0.03183548745791263,0.20571674130746606,0.02141086367618293
propRecovered,0.3894686828923767,0.39685341470774077,0.0283052384718327,0.040918652846899724,0.18595998061097274,0.1409790121695656,0.018379880344565346
