output,popInit,propInfecte,teG,tiG,trG,infectionRadiusI,sd_expo_t
propInfected,0.5651698166782577,0.4362764975546598,0.040906111935236446,0.00925880931355133,0.004024661437198344,0.2081930578389597,0.007326178062612419
propSuseptible,0.3096391462987385,0.2418628798087571,3.94823128609378E-4,6.485874078977703E-4,3.8263308705805934E-4,0.024629448950542473,0.0013109342474738404
propExposed,0.42442243869013047,0.28117036007792945,0.22377288851177024,0.15665070112255305,0.005814649360613771,0.18531038893750787,0.020980052366102772
propRecovered,0.5651698166782577,0.4362764975546598,0.040906111935236446,0.00925880931355133,0.004024661437198344,0.2081930578389597,0.007326178062612419
